kmer_size,genus_silhouette,genus_purity_mean,species_silhouette,species_purity_mean
5,-0.26894184947013855,0.400740289148232,0.390058696269989,0.2368421052631579
6,-0.23959502577781677,0.40965859606340355,0.4015520215034485,0.2368421052631579
